file_name,start_time,end_time
SWIL105PPC,900,3900
SWIL105VC,900,3900
SWIL11PPC,900,8100
SWIL11VC,900,8100
SWIL12PPC,900,6000
SWIL12VC,900,6000
SWIL13PPC,900,8100
SWIL13VC,900,8100
SWIL15PPC,900,6300
SWIL15VC,900,6300
SWIL18PPC,900,8700
SWIL18VC,900,8700
SWIL19PPC,900,7800
SWIL19VC,900,7800
SWIL20PPC,900,6500
SWIL20VC,900,6500
SWIL22PPC,900,6500
SWIL22VC,900,6500
SWIL23PPC,900,5600
SWIL23VC,900,5600
SWIL24PPC,900,7600
SWIL24VC,900,7600
SWIL25PPC,900,8750
SWIL25VC,900,8750
SWIL26PPC,900,7600
SWIL26VC,900,7600
